{
  "val_mse": 0.3257031034339558,
  "val_prd": 92.98996873335405,
  "epoch": 150
}