year,y_true_mm,y_pred_mm
2016,,0.6687580742540156
2017,,0.6786356865555484
2018,,0.6875588312719202
2019,,0.6849827571040626
2020,,0.6849867254699555
